{"attr_b": [1.0, 1.0, 1.0, 1.0, 4.480000000000003, 1.11, 1.7400000000000007, 1.0, 1.05, 1.0, 2.4800000000000013, 1.0, 1.0, 1.0, 1.0, 1.09, 2.080000000000001, 1.0, 1.0, 2.4700000000000015, 2.320000000000001, 8.860000000000007, 1.0, 1.0, 1.0, 1.0, 9.580000000000007, 1.9200000000000008, 3.1300000000000017, 9.410000000000007, 3.3500000000000023, 1.0, 1.0, 1.3700000000000003, 1.2600000000000002, 1.0, 1.0, 1.5100000000000005, 1.0, 1.0, 1.0, 1.0, 1.0, 8.630000000000006, 2.200000000000001, 1.0, 1.0, 1.0, 1.0, 1.0, 1.0, 1.0, 4.200000000000003, 2.5500000000000016, 7.720000000000006, 1.0, 1.0, 1.0, 1.0, 1.0, 1.0, 1.0, 1.0, 1.2400000000000002], "attr_a": [1.5300000000000005, 2.030000000000001, 4.910000000000004, 9.020000000000007, 1.0, 1.0, 1.0, 1.0, 1.0, 1.2300000000000002, 1.0, 1.05, 1.4500000000000004, 1.6300000000000006, 1.2000000000000002, 1.0, 1.0, 1.1900000000000002, 1.2700000000000002, 1.0, 1.0, 1.0, 1.0, 1.0, 1.1600000000000001, 1.9400000000000008, 1.0, 1.0, 1.0, 1.0, 1.0, 1.0, 1.0, 1.0, 1.0, 1.0, 1.0, 1.0, 1.0, 1.0, 1.0, 1.0, 1.0, 1.0, 1.0, 1.01, 1.0, 1.0, 1.0, 1.0, 1.0, 1.6000000000000005, 1.0, 1.0, 1.0, 1.1, 1.8200000000000007, 3.910000000000003, 1.1900000000000002, 14.399999999999984, 2.180000000000001, 1.3200000000000003, 1.0, 1.0]}