{"attr_b": [0.8, 0.8, 0.8, 1.0, 1.2, 1.0, 1.0, 1.0, 1.0, 1.2, 0.8, 1.2, 0.8, 0.8, 1.0, 1.2, 1.0, 1.2, 0.8, 1.0, 0.8, 1.0, 0.8, 1.0, 1.2, 0.8, 0.8, 1.0, 0.8, 1.0, 1.0, 0.8, 1.0, 0.8, 1.0, 0.8, 1.2, 1.2, 1.0, 1.0, 1.2, 0.8, 0.8, 1.2, 0.8, 0.8, 0.8, 0.8, 1.2, 1.2, 0.8, 1.2, 0.8, 1.0, 0.8, 1.2, 1.2, 1.0, 0.8, 1.0, 1.2, 0.8, 1.0, 1.2, 0.8, 0.8, 1.2, 0.8, 0.8, 0.8, 1.2, 1.0, 0.8, 0.8, 1.2, 0.8, 1.0, 0.8, 0.8, 1.0, 1.0, 0.8, 0.8, 0.8, 0.8, 0.8, 0.8, 1.0, 1.0, 1.0, 1.0, 1.0, 0.8, 0.8, 1.2, 0.8, 1.2, 0.8, 0.8, 1.0, 0.8, 1.0, 0.8, 0.8, 1.0, 1.2, 0.8, 1.0, 0.8, 0.8, 1.2, 1.2, 0.8, 0.8, 0.8], "attr_a": [0.8, 0.6000000000000001, 0.6000000000000001, 1.0, 1.2, 1.0, 1.0, 1.0, 1.0, 1.2, 0.6000000000000001, 1.2, 0.6000000000000001, 0.6000000000000001, 1.0, 1.2, 1.0, 1.2, 0.6000000000000001, 1.0, 0.6000000000000001, 1.0, 0.8, 1.0, 1.2, 0.6000000000000001, 0.6000000000000001, 1.0, 0.8, 1.0, 1.0, 0.8, 1.0, 0.6000000000000001, 1.0, 0.8, 1.2, 1.2, 1.0, 1.0, 1.2, 0.8, 0.6000000000000001, 1.2, 0.8, 0.6000000000000001, 0.6000000000000001, 0.6000000000000001, 1.2, 1.2, 0.6000000000000001, 1.2, 0.6000000000000001, 1.0, 0.8, 1.0, 1.2, 1.0, 0.8, 1.0, 1.2, 0.6000000000000001, 1.0, 1.0, 0.6000000000000001, 0.8, 1.2, 0.8, 0.6000000000000001, 0.6000000000000001, 1.0, 1.0, 0.6000000000000001, 0.6000000000000001, 1.2, 0.6000000000000001, 1.0, 0.8, 0.6000000000000001, 1.0, 1.0, 0.6000000000000001, 0.8, 0.8, 0.6000000000000001, 0.6000000000000001, 0.6000000000000001, 1.0, 1.0, 1.0, 1.0, 1.0, 0.6000000000000001, 0.8, 1.2, 0.8, 1.2, 0.6000000000000001, 0.6000000000000001, 1.0, 0.6000000000000001, 1.0, 0.6000000000000001, 0.6000000000000001, 1.0, 1.2, 0.6000000000000001, 1.0, 0.6000000000000001, 0.8, 1.2, 1.2, 0.6000000000000001, 0.8, 0.6000000000000001], "comp_b": [0.74, 0.14, 0.54, 1, 0.78, 0.84, 0.8, 1.06, 1.18, 1.28, 0.02, 0.02, 1.0, 0.0, 1.0, 1.62, 1.0, 0.58, 0.08, 1, 1.0, 1.26, 1.02, 1, 1.1400000000000001, 1, 0.0, 0.72, 0.74, 0.66, 1.04, 0.56, 0.56, 0.64, 1.34, 1.04, 1.08, 0.84, 1.0, 0.78, 1.0, 0.66, 0.02, 0.54, 0.7000000000000001, 0.56, 1, 0.6, 0.66, 0.9, 0.84, 1.82, 0.9400000000000001, 1.46, 0.46, 0.62, 1.1, 1.7, 0.64, 0.6, 0.52, 0.38, 0.76, 1.0, 1.0, 0.64, 0.72, 0.28, 0.28, 0.48, 0.46, 0.52, 1.0, 1.0, 1.0, 1.0, 0.68, 1.18, 1.0, 0.52, 0.12, 1.0, 1.0, 0.84, 1.0, 0.0, 0.34, 0.08, 1.0, 1.06, 0.46, 1.36, 1.0, 1.1400000000000001, 1.0, 0.56, 0.88, 1.0, 1.0, 1.06, 0.04, 0.78, 1.0, 1.02, 0.0, 1.0, 0.08, 0.56, 0.56, 0.36, 0.24, 0.32, 0.06, 1.02, 0.14], "comp_a": [0.7800000000000002, 0.22, 0.6200000000000003, 1, 0.8800000000000003, 0.8600000000000001, 0.7800000000000002, 1.0600000000000003, 1.1400000000000001, 1.1600000000000001, 0.02, 0.06, 1.0, 0.12, 1.0, 1.4600000000000002, 0.9400000000000002, 0.6800000000000002, 0.08, 1, 1.0, 1.1600000000000001, 1.0000000000000002, 1, 1.1200000000000003, 1, 0.0, 0.8200000000000003, 0.7800000000000002, 0.7000000000000002, 1.0400000000000003, 0.6400000000000003, 0.7200000000000004, 0.7200000000000002, 1.4800000000000004, 1.0600000000000003, 1.0200000000000002, 0.8800000000000001, 1.0, 0.8200000000000003, 1.0, 0.5800000000000001, 0.0, 0.6200000000000003, 0.7600000000000002, 0.7400000000000004, 1, 0.7200000000000002, 0.7000000000000002, 0.9200000000000002, 0.8400000000000001, 1.6400000000000001, 0.8400000000000001, 1.3800000000000001, 0.5000000000000002, 0.7000000000000002, 1.1000000000000003, 1.6, 0.6400000000000001, 0.6800000000000002, 0.6000000000000003, 0.49999999999999983, 0.7800000000000002, 1.0, 1.0, 0.6200000000000001, 0.8400000000000003, 0.32000000000000006, 0.32000000000000006, 0.5200000000000002, 0.6200000000000003, 0.6400000000000003, 1.0, 1.0, 1.0, 1.0, 0.7799999999999995, 1.12, 1.0, 0.5800000000000003, 0.18, 1.0, 1.0, 0.8800000000000001, 1.0, 0.0, 0.2799999999999999, 0.08, 1.0, 1.0600000000000003, 0.5600000000000003, 1.2200000000000002, 1.0, 1.1200000000000003, 1.0, 0.6200000000000003, 0.9800000000000002, 1.0, 1.0, 1.0600000000000003, 0.0, 0.8400000000000003, 1.0, 0.9400000000000002, 0.1, 1.0, 0.16, 0.6400000000000003, 0.6200000000000003, 0.4799999999999998, 0.30000000000000004, 0.4199999999999998, 0.22, 1.0200000000000002, 0.2]}