{"attr_b": [1.02, 1.0, 1.0, 1.0, 1.06, 1.0, 1.0, 1.1800000000000002, 1.0, 1.2700000000000002, 1.2100000000000002, 1.0, 1.4600000000000004, 1.0, 1.1300000000000001, 1.0, 1.07, 1.0, 1.0, 1.11, 1.0, 1.08, 1.0, 1.0, 1.0, 1.2100000000000002, 1.0, 1.5700000000000005, 4.070000000000003, 1.8100000000000007, 3.5800000000000023, 1.02, 1.0, 1.02, 1.7500000000000007, 3.8200000000000025, 1.0, 1.0, 1.3100000000000003, 1.0, 1.0, 1.0, 1.0, 1.01, 1.0, 1.0, 1.6400000000000006, 1.0, 1.0, 1.0, 1.9300000000000008, 1.0, 1.0, 1.0, 1.05, 1.8000000000000007, 1.05, 1.2700000000000002, 1.0, 1.0, 1.2400000000000002, 1.2200000000000002, 1.09, 2.120000000000001, 1.0, 1.1600000000000001, 1.8500000000000008, 1.0, 1.0, 1.6300000000000006, 3.230000000000002, 1.0, 1.0, 1.0, 1.04, 1.0, 1.0, 1.0, 1.0, 1.0, 1.1, 1.0, 1.0, 1.3300000000000003, 1.6200000000000006, 1.0, 1.3800000000000003, 1.1800000000000002, 1.2100000000000002, 1.04, 1.0, 1.0, 1.01, 1.0, 1.2300000000000002, 1.2000000000000002, 1.06, 1.0, 1.7400000000000007, 1.0, 1.0, 1.03], "attr_a": [1.0, 1.6400000000000006, 1.1500000000000001, 1.5400000000000005, 1.0, 1.2100000000000002, 1.3100000000000003, 1.0, 1.2700000000000002, 1.0, 1.0, 1.6800000000000006, 1.0, 1.11, 1.0, 1.3500000000000003, 1.0, 1.1, 1.4200000000000004, 1.0, 1.3000000000000003, 1.0, 1.4200000000000004, 1.4500000000000004, 1.3100000000000003, 1.0, 2.0500000000000007, 1.0, 1.0, 1.0, 1.0, 1.0, 1.2200000000000002, 1.0, 1.0, 1.0, 1.05, 1.5900000000000005, 1.0, 2.280000000000001, 1.3000000000000003, 1.1500000000000001, 1.3200000000000003, 1.0, 1.1600000000000001, 1.3400000000000003, 1.0, 1.7900000000000007, 1.5100000000000005, 1.3800000000000003, 1.0, 1.04, 1.09, 1.1800000000000002, 1.0, 1.0, 1.0, 1.0, 1.01, 1.1900000000000002, 1.0, 1.0, 1.0, 1.0, 1.2400000000000002, 1.0, 1.0, 1.5300000000000005, 1.4800000000000004, 1.0, 1.0, 1.1, 3.290000000000002, 3.100000000000002, 1.0, 1.08, 1.12, 1.1800000000000002, 1.3900000000000003, 1.4400000000000004, 1.0, 1.2800000000000002, 1.1300000000000001, 1.0, 1.0, 1.11, 1.0, 1.0, 1.0, 1.0, 1.11, 1.04, 1.0, 1.09, 1.0, 1.0, 1.0, 1.5400000000000005, 1.0, 1.04, 1.5300000000000005, 1.0]}