{"attr_b": [1.0, 1.0, 0.8, 1.0, 1.2, 1.0, 1.0, 1.0, 1.2, 0.8, 1.0, 0.8, 1.2, 1.0, 0.8, 1.0], "attr_a": [1.0, 1.0, 0.8, 0.8, 1.2, 1.0, 0.8, 1.0, 1.0, 0.8, 0.8, 0.8, 1.2, 1.0, 0.8, 0.8], "comp_b": [0.84, 0.1, 1.0, 0.46, 0.5, 0.74, 0.62, 2.3000000000000003, 0.55, 0.56, 0.36, 0.6000000000000001, 0.68, 0.78, 0.54, 0.5], "comp_a": [0.8400000000000001, 0.0, 1.0, 0.44000000000000017, 0.48000000000000015, 0.7800000000000002, 0.6000000000000001, 2.3000000000000003, 0.45, 0.5600000000000003, 0.3199999999999999, 0.6000000000000001, 0.6599999999999997, 0.7800000000000002, 0.5400000000000003, 0.48000000000000015]}